word,example,meaning,pronunciation,audio_files
anyway,(Let's try anyway.),とにかく,（とにかくやってみよう。）,"01-01.mp3, 01-02.mp3"
following,"(Following the speech, we had dinner.)",～に続いて,（スピーチに続いて、夕食をとった。）,"01-03.mp3, 01-04.mp3"
refer,(Please refer to the map.),参照する,（地図を参照してください。）,"01-05.mp3, 01-06.mp3"
available,(Tickets are available online.),入手できる,（チケットはオンラインで入手可能です。）,"01-07.mp3, 01-08.mp3"
department,(the sales department),部門,（営業部）,"01-09.mp3, 01-10.mp3"
conference,(a large conference room),会議,（大きな会議室）,"01-11.mp3, 01-12.mp3"
according to,(according to the e-mail),～によると,（メールによると）,"01-13.mp3, 01-14.mp3"
likely,(Who most likely is the woman?),おそらく,（女性はおそらく誰ですか。）,"01-15.mp3, 01-16.mp3"
offer,(What does the man offer to do?),申し出る,（男性は何をすることを申し出ていますか。）,"01-17.mp3, 01-18.mp3"
equipment,(new office equipment),機器,（新しいオフィス機器）,"01-19.mp3, 01-20.mp3"
provide,(Please provide me with your e-mail address.),提供する,（あなたのメールアドレスを提供してください。）,"01-21.mp3, 01-22.mp3"
local,(local businesses),地元の,（地元の会社）,"01-23.mp3, 01-24.mp3"
purchase,(purchase tickets),購入する,（チケットを購入する）,"01-25.mp3, 01-26.mp3"
opening,(a job opening),空き,（仕事の空き）,"01-27.mp3, 01-28.mp3"
construction,(construction project),建設,（建設プロジェクト）,"01-29.mp3, 01-30.mp3"
tour,(while touring the factory),見学する,（工場を見学している間）,"01-31.mp3, 01-32.mp3"
research,(market research),調査,（市場調査）,"01-33.mp3, 01-34.mp3"
attend,(attend a meeting),出席する,（会議に出席する）,"01-35.mp3, 01-36.mp3"
delivery,(change a delivery date),配達,（配達日を変更する）,"01-37.mp3, 01-38.mp3"
recently,(I recently bought a printer.),最近,（私は最近プリンターを買った。）,"01-39.mp3, 01-40.mp3"
indicate,(What is indicated about Mr. Kato ?),示す,（加藤さんについて何が示されていますか。）,"01-41.mp3, 01-42.mp3"
employee,(an employee of a hotel),従業員,（ホテルの従業員）,"01-43.mp3, 01-44.mp3"
additional,(request additional staff),追加の,（追加のスタッフを要請する）,"01-45.mp3, 01-46.mp3"
survey,(a customer survey),アンケート調査,（顧客アンケート調査）,"01-47.mp3, 01-48.mp3"
review,(review a report),論評する,（報告書に目を通す）,"01-49.mp3, 01-50.mp3"
production,(the production area),生産,（生産エリア）,"01-51.mp3, 01-52.mp3"
located,(conveniently located near a subway station),位置して,（地下鉄の駅近くの便利な場所にある）,"01-53.mp3, 01-54.mp3"
detail,(details of a plan),詳細,（計画の詳細）,"01-55.mp3, 01-56.mp3"
announce,(announce the winners),発表する,（入賞者を発表する）,"01-57.mp3, 01-58.mp3"
repair,(a computer repair shop),修理,（コンピュータの修理店）,"01-59.mp3, 01-60.mp3"
increase,(an increase in sales),増加,（売上の増加）,"01-61.mp3, 01-62.mp3"
include,(What is NOT included in the form?),含む,（用紙に含まれていないのは何ですか。）,"01-63.mp3, 01-64.mp3"
currently,(The item is currently out of stock.),現在,（その品は現在在庫切れです。）,"01-65.mp3, 01-66.mp3"
advertising,(an advertising campaign),広告,（広告キャンペーン）,"01-67.mp3, 01-68.mp3"
charge,(We charge $50 for the service.),請求する,（そのサービスには50ドルを請求します。）,"01-69.mp3, 01-70.mp3"
expect,(Mr. Kato is expected to arrive tomorrow.),予定する,（加藤さんは明日到着する予定だ。）,"01-71.mp3, 01-72.mp3"
firm,(a family-owned firm),会社,（家族経営の会社）,"01-73.mp3, 01-74.mp3"
client,(visit a client),顧客,（顧客を訪問する）,"01-75.mp3, 01-76.mp3"
financial,(financial support from the government),お金の,（政府からのお金の支援）,"01-77.mp3, 01-78.mp3"
annual,(an annual report),年間の,（年次報告書）,"01-79.mp3, 01-80.mp3"
payment,(make an online payment),支払,（オンラインの支払をする）,"01-81.mp3, 01-82.mp3"
budget,(this year's budget),予算,（今年の予算）,"01-83.mp3, 01-84.mp3"
application,(fill out an application),応募書類,（応募書類に記入する）,"01-85.mp3, 01-86.mp3"
contract,(before signing a contract),契約,（契約に署名する前に）,"01-87.mp3, 01-88.mp3"
management,(a management seminar),経営,（経営セミナー）,"01-89.mp3, 01-90.mp3"
performance,(an employee's performance),業績,（従業員の成績）,"01-91.mp3, 01-92.mp3"
pleased,(We are pleased with the final result.),満足して,（最終結果に満足している。）,"01-93.mp3, 01-94.mp3"
confirm,(confirm a payment),確認する,（支払を確認する）,"01-95.mp3, 01-96.mp3"
award,(awards ceremony),賞,（授賞式）,"01-97.mp3, 01-98.mp3"
clothing,(a clothing store),衣類,（衣料品店）,"01-99.mp3, 01-100.mp3"
display,(products on display),展示する,（展示されている製品）,"01-101.mp3, 01-102.mp3"
candidate,(a successful candidate),候補者,（合格した候補者）,"01-103.mp3, 01-104.mp3"
state,(What is stated about the hotel?),述べる,（ホテルについて何が述べられていますか。）,"01-105.mp3, 01-106.mp3"
exhibit,(a museum exhibit),展示物,（博物館の展示物）,"01-107.mp3, 01-108.mp3"
session,(a Q&A session),時間,（質疑応答の時間）,"01-109.mp3, 01-110.mp3"
note,(Please note that prices may change.),注意する,（値段は変更になる場合があるので、注意してください）,"01-111.mp3, 01-112.mp3"
process,(process an order),処理する,（注文を処理する）,"01-113.mp3, 01-114.mp3"
instruction,(Please read all the instructions.),説明書,（説明書をすべてお読みください。）,"01-115.mp3, 01-116.mp3"
membership,(sign up for membership),会員,（会員登録する）,"01-117.mp3, 01-118.mp3"
agency,(a travel agency),代理店,（旅行代理店）,"01-119.mp3, 01-120.mp3"
based,(a Seattle-based company),拠点のある,（シアトルに拠点を置く会社）,"01-121.mp3, 01-122.mp3"
facility,(a research facility),施設,（研究施設）,"01-123.mp3, 01-124.mp3"
advance,(advance notice),事前の,（事前の告知）,"01-125.mp3, 01-126.mp3"
committee,(join a committee),委員会,（委員会に入る）,"01-127.mp3, 01-128.mp3"
successful,(The event was successful.),成功した,（そのイベントは成功だった。）,"01-129.mp3, 01-130.mp3"
excellent,(excellent service),素晴らしい,（素晴らしいサービス）,"01-131.mp3, 01-132.mp3"
industry,(the fashion industry),業界,（ファッション業界）,"01-133.mp3, 01-134.mp3"
fee,(pay a late fee),料金,（延滞料金を払う）,"01-135.mp3, 01-136.mp3"
accept,(accept an offer),受け入れる,（オファーを受け入れる）,"01-137.mp3, 01-138.mp3"
upcoming,(prepare for an upcoming event),今度の,（今度のイベントの準備をする）,"01-139.mp3, 01-140.mp3"
latest,(Haruki Murakami's latest novel),最新の,（村上春樹の最新の小説）,"01-141.mp3, 01-142.mp3"
submit,(submit a report),提出する,（レポートを提出する）,"01-143.mp3, 01-144.mp3"
transportation,(use public transportation),輸送手段,（公共の交通機関を利用する）,"01-145.mp3, 01-146.mp3"
résumé,(send a résumé),履歴書,（履歴書を送る）,"01-147.mp3, 01-148.mp3"
executive,(a company executive),重役,（会社の重役）,"01-149.mp3, 01-150.mp3"
introduce,(introduce a new line of products),導入する,（新たな商品ラインを導入する）,"01-151.mp3, 01-152.mp3"
previous,(have no previous experience),以前の,（以前の経験がない）,"01-153.mp3, 01-154.mp3"
proposal,(review a proposal),提案,（提案に目を通す）,"01-155.mp3, 01-156.mp3"
supply,(office supplies),必需品,（オフィス用品）,"01-157.mp3, 01-158.mp3"
enclose,(My r?sum? is enclosed.),同封する,（履歴書を同封いたします。）,"01-159.mp3, 01-160.mp3"
policy,(returns policy),規定,（返品規定）,"01-161.mp3, 01-162.mp3"
register,(register for employee training),登録する,（社員研修に登録する）,"01-163.mp3, 01-164.mp3"
arrange,(arrange a meeting),手配する,（会議の手配をする）,"01-165.mp3, 01-166.mp3"
bill,(receive a bill),請求書,（請求書を受け取る）,"01-167.mp3, 01-168.mp3"
hire,(hire an assistant),雇う,（アシスタントを雇う）,"01-169.mp3, 01-170.mp3"
approve,(approve a plan),承認する,（計画を承認する）,"01-171.mp3, 01-172.mp3"
conduct,(conduct a survey),実施する,（アンケート調査を行う）,"01-173.mp3, 01-174.mp3"
opportunity,(an opportunity to work with you),機会,（あなたとお仕事をする機会）,"01-175.mp3, 01-176.mp3"
deadline,(the deadline for the project),締め切り,（プロジェクトの締め切り）,"01-177.mp3, 01-178.mp3"
corporate,(a corporate trainer),企業の,（企業のトレーナー）,"01-179.mp3, 01-180.mp3"
warranty,(a three-year warranty),保証,（3年保証）,"01-181.mp3, 01-182.mp3"
necessary,(necessary forms),必要な,（必要な用紙）,"01-183.mp3, 01-184.mp3"
reserve,(reserve a room at a hotel),予約する,（ホテルの部屋を予約する）,"01-185.mp3, 01-186.mp3"
resident,(local residents),住民,（地元の住民）,"01-187.mp3, 01-188.mp3"
create,(create a new logo),作り出す,（新しいロゴを作り出す）,"01-189.mp3, 01-190.mp3"
inform,(We are happy to inform you that),知らせる,（～を知らせることができて嬉しい）,"01-191.mp3, 01-192.mp3"
allow,(allow customers to pay online),可能にする,（顧客がオンラインで支払うことを可能にする）,"01-193.mp3, 01-194.mp3"
mention,(What problem does the man mention?),述べる,（男性はどんな問題について述べていますか。）,"01-195.mp3, 01-196.mp3"
appreciate,(I really appreciate your help.),感謝する,（助けて頂いて本当に感謝しています。）,"01-197.mp3, 01-198.mp3"
replacement,(replacement parts),交換品,（交換部品）,"01-199.mp3, 01-200.mp3"
update,(traffic updates),最新情報,(交通の最新情報),"02-01.mp3, 02-02.mp3"
branch,(open a new branch),支店,(新しい支店をオープンする),"02-03.mp3, 02-04.mp3"
paid,(paid leave),有給の,(有給休暇),"02-05.mp3, 02-06.mp3"
unfortunately,"(Unfortunately, there are some problems.)",残念なことに,(残念なことに、いくつか問題があります。),"02-07.mp3, 02-08.mp3"
original,(in original condition),元の,（元の状態で）,"02-09.mp3, 02-10.mp3"
rent,(a rent increase),家賃,（家賃の値上げ）,"02-11.mp3, 02-12.mp3"
memo,(write a memo),社内文書,（社内文書を書く）,"02-13.mp3, 02-14.mp3"
luggage,(shop for luggage),旅行かばん,（旅行かばんを買い求める）,"02-15.mp3, 02-16.mp3"
editor,(a newspaper editor),編集者,（新聞の編集者）,"02-17.mp3, 02-18.mp3"
exhibition,(an art exhibition),展示会,（美術展）,"02-19.mp3, 02-20.mp3"
leading,(a leading company),首位の,（トップの会社）,"02-21.mp3, 02-22.mp3"
organization,(lead an organization),組織,（組織を率いる）,"02-23.mp3, 02-24.mp3"
release,(release a new album),発売する,（ニューアルバムを発売する）,"02-25.mp3, 02-26.mp3"
limited,(for a limited time),限られた,（期間限定で）,"02-27.mp3, 02-28.mp3"
procedure,(a normal procedure),手続き,（通常の手続き）,"02-29.mp3, 02-30.mp3"
experienced,(an experienced engineer),経験豊富な,（経験豊かなエンジニア）,"02-31.mp3, 02-32.mp3"
personnel,(all company personnel),社員,（全社員）,"02-33.mp3, 02-34.mp3"
author,(the author of a popular book),著者,（人気本の著者）,"02-35.mp3, 02-36.mp3"
benefit,(employee benefits),福利厚生,（従業員の福利厚生）,"02-37.mp3, 02-38.mp3"
focus,(focus on one point),～に集中させる,（1点に集中する）,"02-39.mp3, 02-40.mp3"
participate,(participate in the workshop),参加する,（セミナーに参加する）,"02-41.mp3, 02-42.mp3"
cause,(the cause of the problem),原因,（問題の原因）,"02-43.mp3, 02-44.mp3"
degree,(a degree in journalism),学位,（ジャーナリズムの学位）,"02-45.mp3, 02-46.mp3"
directly,(purchase directly from a Web site),直接,（ホームページから直接購入する）,"02-47.mp3, 02-48.mp3"
host,(the host of a television show),司会者,（テレビ番組の司会者）,"02-49.mp3, 02-50.mp3"
expert,(an expert in the field),専門家,（その分野の専門家）,"02-51.mp3, 02-52.mp3"
impress,(We were impressed by your knowledge.),感心させる,（我々はあなたの知識に感心した。）,"02-53.mp3, 02-54.mp3"
mainly,(work mainly in the steel industry),主に,（主に鉄鋼業界で働く）,"02-55.mp3, 02-56.mp3"
suggestion,(make suggestions),提案,（提案を行う）,"02-57.mp3, 02-58.mp3"
supplier,(relationships with suppliers),納入業者,（納入業者との関係）,"02-59.mp3, 02-60.mp3"
document,(an important document),書類,（重要な書類）,"02-61.mp3, 02-62.mp3"
remind,(remind employees about the policy),再確認する,（従業員に規則に関して再確認する）,"02-63.mp3, 02-64.mp3"
require,(Workers are required to wear uniforms.),求める,（作業員は制服の着用を求められます。）,"02-65.mp3, 02-66.mp3"
representative,(a sales representative),担当者,（営業担当者）,"02-67.mp3, 02-68.mp3"
packaging,(the packaging area),梱包,（梱包エリア）,"02-69.mp3, 02-70.mp3"
description,(a job description),説明,（職務内容の説明）,"02-71.mp3, 02-72.mp3"
property,(a property manager),不動産,（不動産の管理人）,"02-73.mp3, 02-74.mp3"
extension,(Call me at extension 4649.),内線,（内線4649にお電話ください。）,"02-75.mp3, 02-76.mp3"
inquire,(inquire about a job),問い合わせる,（仕事について問い合わせる）,"02-77.mp3, 02-78.mp3"
merchandise,(display merchandise),商品,（商品を陳列する）,"02-79.mp3, 02-80.mp3"
highly,(a highly successful business),非常に,（非常に成功しているビジネス）,"02-81.mp3, 02-82.mp3"
result,(The campaign resulted in success.),結果,（そのキャンペーンは成功という結果になった。）,"02-83.mp3, 02-84.mp3"
assistance,(Thank you for your assistance.),支援,（ご支援ありがとうございます。）,"02-85.mp3, 02-86.mp3"
encourage,(Employees are encouraged to attend the event.),奨励する,（従業員がイベントに参加することを奨励します。）,"02-87.mp3, 02-88.mp3"
individual,(each individual in the company),個人,（会社の一人一人の個人）,"02-89.mp3, 02-90.mp3"
laboratory,(when entering the laboratory),研究所,（研究所に入る時）,"02-91.mp3, 02-92.mp3"
consider,(consider working in Japan),考える,（日本での勤務を考える）,"02-93.mp3, 02-94.mp3"
headquarters,(move the headquarters to Boston),本社,(本社をボストンに移転する),"02-95.mp3, 02-96.mp3"
ship,(We are ready to ship your order.),出荷する,(注文を出荷する準備ができました。),"02-97.mp3, 02-98.mp3"
commercial,(commercial buildings),商業の,(商業ビル),"02-99.mp3, 02-100.mp3"
device,(a medical device),機器,（医療機器）,"02-101.mp3, 02-102.mp3"
intended,(For whom is the notice intended?),向けられた,(このお知らせは誰に向けられていますか。),"02-103.mp3, 02-104.mp3"
brochure,(a product brochure),パンフレット,(製品パンフレット),"02-105.mp3, 02-106.mp3"
mail,(by express mail),郵便配達,(速達郵便で),"02-107.mp3, 02-108.mp3"
prefer,(I prefer to work part-time.),～を（・・・よりも）好む,(私はパートタイムで働く方が好きです。),"02-109.mp3, 02-110.mp3"
response,(I'm writing in response to your letter.),返事,(お手紙へのご返事です。),"02-111.mp3, 02-112.mp3"
region,(companies in the region),地域,(その地域の会社),"02-113.mp3, 02-114.mp3"
donation,(donations to a museum),寄付,(ミュージアムへの寄付),"02-115.mp3, 02-116.mp3"
quarter,(the third quarter),四半期,(第3四半期),"02-117.mp3, 02-118.mp3"
agreement,(a rental agreement),契約,(賃貸契約書）,"02-119.mp3, 02-120.mp3"
journal,(a scientific journal),専門誌,(科学の専門誌),"02-121.mp3, 02-122.mp3"
distribute,(distribute a document),配布する,(書類を配布する),"02-123.mp3, 02-124.mp3"
potential,(potential customers),見込みがある,(見込み客),"02-125.mp3, 02-126.mp3"
reschedule,(reschedule an appointment),スケジュール変更する,(アポを予定変更する),"02-127.mp3, 02-128.mp3"
renew,(renew a contract),更新する,(契約を更新する),"02-129.mp3, 02-130.mp3"
warehouse,(ship from a warehouse),倉庫,(倉庫から出荷する),"02-131.mp3, 02-132.mp3"
refund,(a full refund),返金,(全額返金),"02-133.mp3, 02-134.mp3"
advise,(What are listeners advised to do?),勧める,(聞き手は何をするよう勧められていますか。),"02-135.mp3, 02-136.mp3"
immediately,(The tickets sold out immediately.),即座に,(チケットは即売り切れた。),"02-137.mp3, 02-138.mp3"
council,(the city council),議会,(市議会),"02-139.mp3, 02-140.mp3"
broadcast,(The program is usually broadcast on Saturdays.),放送する,(その番組は通常土曜日に放送される。),"02-141.mp3, 02-142.mp3"
responsible,(I am responsible for training employees.),担当している,(私は従業員の研修を担当している。),"02-143.mp3, 02-144.mp3"
avoid,(avoid wasting time),避ける,(時間の無駄遣いを避ける),"02-145.mp3, 02-146.mp3"
effective,(effective advertising campaigns),効果的な,(効果的な広告キャンペーン),"02-147.mp3, 02-148.mp3"
invitation,(receive an invitation),招待,(招待状を受け取る),"02-149.mp3, 02-150.mp3"
reduce,(reduce prices),（値段を）下げる,(値段を下げる),"02-151.mp3, 02-152.mp3"
vehicle,(park a vehicle),乗り物,(乗り物を駐車する),"02-153.mp3, 02-154.mp3"
efficient,(efficient use of energy),効率的な,(エネルギーの効率的な使用),"02-155.mp3, 02-156.mp3"
manufacturer,(a car manufacturer),メーカー,(自動車メーカー),"02-157.mp3, 02-158.mp3"
comfortable,(comfortable rooms and friendly staff),快適な,(快適な部屋とフレンドリーなスタッフ),"02-159.mp3, 02-160.mp3"
correct,(the correct address),正しい,（正しい住所）,"02-161.mp3, 02-162.mp3"
downtown,(downtown restaurants),中心街の,(中心街のレストラン),"02-163.mp3, 02-164.mp3"
method,(the method of payment),方法,(支払方法),"02-165.mp3, 02-166.mp3"
entire,(the entire staff),全体の,（全スタッフ）,"02-167.mp3, 02-168.mp3"
range,(a wide range of services),範囲,(広範囲のサービス),"02-169.mp3, 02-170.mp3"
setting,(a hotel in a beautiful setting),環境,(美しい環境にあるホテル),"02-171.mp3, 02-172.mp3"
apologize,(We apologize for the inconvenience.),おわびする,(ご不便をおかけしますことをお詫びします。),"02-173.mp3, 02-174.mp3"
frequent,(frequent use of the Internet),ひんぱんな,(インターネットのひんぱんな使用),"02-175.mp3, 02-176.mp3"
promotion,(Tex's promotion to sales manager),昇進,(テックスの営業マネージャーへの昇進),"02-177.mp3, 02-178.mp3"
regarding,(regarding your order),～に関する,(あなたのご注文に関して),"02-179.mp3, 02-180.mp3"
temporary,(temporary workers),臨時の,(臨時雇いの従業員),"02-181.mp3, 02-182.mp3"
traditional,(traditional Italian dishes),伝統的な,(伝統的なイタリア料理),"02-183.mp3, 02-184.mp3"
admission,(Admission is free for all members.),入場料,（メンバーは入場無料です。）,"02-185.mp3, 02-186.mp3"
fit,(The room can fit 50 people.),入る,(その部屋には50人が入る。),"02-187.mp3, 02-188.mp3"
reference,(contact a reference),照会先,(照会先に連絡を取る),"02-189.mp3, 02-190.mp3"
status,(shipment status),状況,(配送状況),"02-191.mp3, 02-192.mp3"
fuel,(fuel costs),燃料,(燃料のコスト),"02-193.mp3, 02-194.mp3"
nearly,(nearly two years),もう少しで,(2年近く),"02-195.mp3, 02-196.mp3"
cafeteria,(meet in the cafeteria for lunch),社員食堂,(昼食のために社員食堂に集まる),"02-197.mp3, 02-198.mp3"
determine,(determine how to sell the product),決定する,(製品の売り方を決定する),"02-199.mp3, 02-200.mp3"
expense,(travel expenses),経費,(出張経費),"03-01.mp3, 03-02.mp3"
oversea,(overseas markets),海外の,(海外市場),"03-03.mp3, 03-04.mp3"
satisfied,(I am fully satisfied with the service.),満足した,(私はサービスに完全に満足しています。),"03-05.mp3, 03-06.mp3"
appear,(Where would the article most likely appear?),掲載される,(この記事がもっとも掲載されそうなのはどこですか。),"03-07.mp3, 03-08.mp3"
develop,(develop a plan),作り出す,(計画を作り出す),"03-09.mp3, 03-10.mp3"
improve,(improve customer service),改善する,(顧客サービスを改善する),"03-11.mp3, 03-12.mp3"
reasonable,(a reasonable price),手ごろな,(手ごろな値段),"03-13.mp3, 03-14.mp3"
unable,(What is the man unable to do?),できない,(男性ができないことは何ですか。),"03-15.mp3, 03-16.mp3"
delay,(All flights have been delayed.),遅らせる,(すべての便が遅れています。),"03-17.mp3, 03-18.mp3"
legal,(legal advice),法律に関する,(法律に関するアドバイス),"03-19.mp3, 03-20.mp3"
regulation,(under the regulations),規制,(規制の下で),"03-21.mp3, 03-22.mp3"
expand,(Our business is expanding.),拡大する,(当社の事業は拡大しています。),"03-23.mp3, 03-24.mp3"
launch,(the launch of a new product),発売,(新商品の発売),"03-25.mp3, 03-26.mp3"
recommendation,(a letter of recommendation),推薦,(推薦状),"03-27.mp3, 03-28.mp3"
direct,(Please direct any questions to me.),向ける,(質問は私の方にしてください。),"03-29.mp3, 03-30.mp3"
profit,(increase profits),利益,(利益を増やす),"03-31.mp3, 03-32.mp3"
seek,(seek interns for the summer),探し求める,(夏期研修生を募集する),"03-33.mp3, 03-34.mp3"
entry,(the winning entry),エントリー,(入賞したエントリー作品),"03-35.mp3, 03-36.mp3"
claim,(file a claim),申し立て,(申し立てを行う),"03-37.mp3, 03-38.mp3"
crew,(a repair crew),班,(修理班),"03-39.mp3, 03-40.mp3"
demand,(meet demand),需要,(需要を満たす),"03-41.mp3, 03-42.mp3"
figure,(sales figures),数字,(売上数字),"03-43.mp3, 03-44.mp3"
raise,(raise money for charity),集める,(慈善のためにお金を集める),"03-45.mp3, 03-46.mp3"
attach,(I have attached my r?sum?.),添付する,(履歴書を添付しました。),"03-47.mp3, 03-48.mp3"
attract,(a way of attracting customers),引き付ける,(お客様を引き付ける方法),"03-49.mp3, 03-50.mp3"
insurance,(provide health insurance for employees),保険,(社員に健康保険を提供する),"03-51.mp3, 03-52.mp3"
departure,(the scheduled departure date),出発,(出発予定日),"03-53.mp3, 03-54.mp3"
mayor,(the mayor of Tex Town),町長,(テックス・タウンの町長),"03-55.mp3, 03-56.mp3"
balance,(an account balance),残額,(口座残高),"03-57.mp3, 03-58.mp3"
estimate,(an estimate for the project),見積もり,(プロジェクトの見積もり),"03-59.mp3, 03-60.mp3"
district,(a commercial district),地区,(商業地区),"03-61.mp3, 03-62.mp3"
former,(a former employee),かつての,(かつての社員),"03-63.mp3, 03-64.mp3"
modern,(design a modern building),近代的な,(近代的な建物を設計する),"03-65.mp3, 03-66.mp3"
tip,(tips on packing),コツ,(荷づくりのコツ),"03-67.mp3, 03-68.mp3"
establish,(establish a business),設立する,(会社を設立する),"03-69.mp3, 03-70.mp3"
option,(an option to change the date),選択肢,(日付を変更する選択肢),"03-71.mp3, 03-72.mp3"
retire,(retire after 20 years of service),退職する,(20年の勤務の後、退職する),"03-73.mp3, 03-74.mp3"
search,(the search for the next president),検索,(次の社長探し),"03-75.mp3, 03-76.mp3"
specific,(a specific example),具体的な,(具体的な例),"03-77.mp3, 03-78.mp3"
agricultural,(agricultural technology),農業の,(農業の技術),"03-79.mp3, 03-80.mp3"
historical,(historical figures),歴史の,(歴史上の人物),"03-81.mp3, 03-82.mp3"
helpful,(I hope you find this information helpful.),役立つ,(この情報があなたの役に立つことを願っています。),"03-83.mp3, 03-84.mp3"
complaint,(complaints about the noise),苦情,(騒音についての苦情),"03-85.mp3, 03-86.mp3"
related,(experience in a related field),関連した,(関連分野での経験),"03-87.mp3, 03-88.mp3"
simply,(Simply fill out the form below.),単純に,(単純に以下の用紙にご記入ください。),"03-89.mp3, 03-90.mp3"
unique,(offer a unique opportunity),他に類を見ない,(他に類を見ない機会を提供する),"03-91.mp3, 03-92.mp3"
concerning,(any questions concerning the order),～に関する,(注文に関する質問),"03-93.mp3, 03-94.mp3"
reputation,(a well-deserved reputation),評判,(確固たる評判),"03-95.mp3, 03-96.mp3"
ability,(ability to speak three languages),能力,(３か国語を話す能力),"03-97.mp3, 03-98.mp3"
arrival,(the time of arrival),到着,(到着時刻),"03-99.mp3, 03-100.mp3"
familiar,(I am familiar with the area.),よく知っている,(私はその地域をよく知っています。),"03-101.mp3, 03-102.mp3"
ideal,(an ideal location),理想的な,(理想的な立地),"03-103.mp3, 03-104.mp3"
maintain,(maintain a Web site),維持する,(ホームページを維持管理する),"03-105.mp3, 03-106.mp3"
landscaping,(a landscaping company),造園,(造園会社),"03-107.mp3, 03-108.mp3"
organize,(organize an event),とりまとめる,(イベントをとりまとめる),"03-109.mp3, 03-110.mp3"
significant,(a significant increase in profits),かなりの,(かなりの利益増),"03-111.mp3, 03-112.mp3"
occasion,(a special occasion),好機,(特別な行事),"03-113.mp3, 03-114.mp3"
standard,(safety standards),基準,(安全基準),"03-115.mp3, 03-116.mp3"
background,(an impressive educational background),経歴,(優れた学歴),"03-117.mp3, 03-118.mp3"
guided,(a guided tour),ガイド付きの,(ガイド付きのツアー),"03-119.mp3, 03-120.mp3"
advanced,(advanced technology),進んだ,(先端（進んだ）技術),"03-121.mp3, 03-122.mp3"
alternative,(an alternative date),代わりの,(代わりの日),"03-123.mp3, 03-124.mp3"
confident,(I'm confident that I can do it.),自信がある,(私にはそれができると自信があります。),"03-125.mp3, 03-126.mp3"
decade,(over the past two decades),10年間,(過去20年間に渡って),"03-127.mp3, 03-128.mp3"
initial,(attend the initial training session),初めの,(最初の研修に参加する),"03-129.mp3, 03-130.mp3"
separate,(My order arrived in two separate shipments.),別々の,(私の注文は2回の別々の配送で届いた。),"03-131.mp3, 03-132.mp3"
celebration,(the grand opening celebration),お祝い,(グランドオープンのお祝い),"03-133.mp3, 03-134.mp3"
concern,(express concern),懸念,(懸念を表す),"03-135.mp3, 03-136.mp3"
environment,(work environment),環境,(職場環境),"03-137.mp3, 03-138.mp3"
operate,(operate a machine safely),操作する,(機械を安全に操作する),"03-139.mp3, 03-140.mp3"
various,(various designs and patterns),さまざまな,(さまざまなデザインや柄),"03-141.mp3, 03-142.mp3"
brief,(a brief report),短い,(短い報告書),"03-143.mp3, 03-144.mp3"
full-time,(full-time employees),常勤の,(常勤の社員),"03-145.mp3, 03-146.mp3"
overall,(the overall budget),全体の,(全体の予算),"03-147.mp3, 03-148.mp3"
achieve,(achieve a sales target),達成する,(販売目標を達成する),"03-149.mp3, 03-150.mp3"
basis,(pay on a monthly basis),基準,（月単位で支払う）,"03-151.mp3, 03-152.mp3"
complex,(a sports complex),複合施設,(スポーツの複合施設),"03-153.mp3, 03-154.mp3"
delighted,(We are delighted to see you.),とても喜んでいる,(お会いできてとてもうれしいです。),"03-155.mp3, 03-156.mp3"
obtain,(obtain information from the Internet),得る,（インターネットから情報を得る）,"03-157.mp3, 03-158.mp3"
honor,(honor an employee),称える,(社員を称える),"03-159.mp3, 03-160.mp3"
properly,(properly trained staff),適切に,(きちんと訓練されたスタッフ),"03-161.mp3, 03-162.mp3"
suitable,(suitable for outdoor use),適切な,(アウトドア用に適した),"03-163.mp3, 03-164.mp3"
electronic,(personal electronic devices),電子の,(個人用の電子機器),"03-165.mp3, 03-166.mp3"
finalize,(finalize a contract),取りまとめる,(契約を取りまとめる),"03-167.mp3, 03-168.mp3"
generous,(a generous donation to a charity),寛大な,(慈善団体への寛大な寄付),"03-169.mp3, 03-170.mp3"
preparation,(in preparation for an event),準備,(イベントの準備のため),"03-171.mp3, 03-172.mp3"
duty,(main duties of a teacher),任務,（教師の主な任務）,"03-173.mp3, 03-174.mp3"
earn,(earn the respect of people),得る,（人々の尊敬を得る）,"03-175.mp3, 03-176.mp3"
willing,(I am willing to work overseas.),～する気がある,(私は海外で働く意思がある。),"03-177.mp3, 03-178.mp3"
worth,(The book is worth reading.),価値がある,(その本は読む価値がある。),"03-179.mp3, 03-180.mp3"
fund,(a project funded by the government),資金を提供する,(政府に資金提供されているプロジェクト),"03-181.mp3, 03-182.mp3"
overnight,(free overnight delivery),翌日配送の,（無料の翌日配送）,"03-183.mp3, 03-184.mp3"
particularly,(particularly interested in history),特に,(歴史に特に興味がある),"03-185.mp3, 03-186.mp3"
aspect,(every aspect of a project),面,(プロジェクトのすべての面),"03-187.mp3, 03-188.mp3"
hesitate,(Please do not hesitate to contact us.),ためらう,(遠慮することなくご連絡ください。),"03-189.mp3, 03-190.mp3"
involved,(I was not involved with the project.),関わった,(私はそのプロジェクトに関わっていなかった。),"03-191.mp3, 03-192.mp3"
regularly,(a regularly updated list),定期的に,(定期的に更新されるリスト),"03-193.mp3, 03-194.mp3"
scholarship,(apply for a scholarship),奨学金,(奨学金を申請する),"03-195.mp3, 03-196.mp3"
shortly,(The meeting will begin shortly.),じきに,(会議はじきに始まります。),"03-197.mp3, 03-198.mp3"
automobile,(automobile manufacturing),自動車の,(自動車製造),"03-199.mp3, 03-200.mp3"
deposit,(a security deposit),保証金,(安全保証金),"04-01.mp3, 04-02.mp3"
contain,(The book contains useful information. ),含む,(その本には役立つ情報が含まれている。),"04-03.mp3, 04-04.mp3"
content,(the contents of the book),内容,(その本の内容),"04-05.mp3, 04-06.mp3"
proof,(proof of purchase),証明,(購入の証明),"04-07.mp3, 04-08.mp3"
affect,(affect the price),影響する,(値段に影響する),"04-09.mp3, 04-10.mp3"
recognize,(Our products are recognized for their quality.),認める,(当社製品は品質の高さで認められています。),"04-11.mp3, 04-12.mp3"
represent,(represent a company),代表を務める,(会社の代表を務める),"04-13.mp3, 04-14.mp3"
transfer,(Tex was transferred to Alaska.),転勤させる,(テックスはアラスカに転勤になった。),"04-15.mp3, 04-16.mp3"
anniversary,(celebrate the twentieth anniversary),～周年,(20周年を祝う),"04-17.mp3, 04-18.mp3"
automatically,(The machine will automatically shut down.),自動的に,(その機械は自動的に電源が切れます。),"04-19.mp3, 04-20.mp3"
capacity,(production capacity),能力,(生産能力),"04-21.mp3, 04-22.mp3"
destination,(travel destinations),目的地,(旅行の目的地),"04-23.mp3, 04-24.mp3"
grant,(obtain a grant),補助金,(補助金を得る),"04-25.mp3, 04-26.mp3"
publish,(publish a magazine),出版する,(雑誌を出版する),"04-27.mp3, 04-28.mp3"
accompany,(The book is accompanied by a CD.),添付する,(その本にはCDが付いてきます。),"04-29.mp3, 04-30.mp3"
economic,(economic growth),経済の,(経済成長),"04-31.mp3, 04-32.mp3"
extremely,(check extremely carefully),非常に,(非常に丁寧にチェックする),"04-33.mp3, 04-34.mp3"
institution,(a financial institution),機関,(金融機関),"04-35.mp3, 04-36.mp3"
accurate,(accurate sales figures),正確な,(正確な売り上げの数字),"04-37.mp3, 04-38.mp3"
compete,(compete with large companies),競う,(大会社と競う),"04-39.mp3, 04-40.mp3"
emphasize,(emphasize a point),強調する,(ポイントを強調する),"04-41.mp3, 04-42.mp3"
aware,(I was aware of the problem.),気付いて,(私は問題に気付いていた。),"04-43.mp3, 04-44.mp3"
crowded,(The town is crowded with tourists.),混雑した,(町は旅行客で混雑している。),"04-45.mp3, 04-46.mp3"
praise,(The team was praised by the CEO.),ほめる,(そのチームはCEOにほめられた。),"04-47.mp3, 04-48.mp3"
valuable,(a valuable addition to the team),貴重な,(チームの貴重な新戦力),"04-49.mp3, 04-50.mp3"
explore,(explore the possibility),探索する,(可能性を探る),"04-51.mp3, 04-52.mp3"
found,(found a company),設立する,(会社を設立する),"04-53.mp3, 04-54.mp3"
function,(basic functions),機能,(基本機能),"04-55.mp3, 04-56.mp3"
impact,(have a negative impact on the environment),影響,(環境にネガティブな影響を及ぼす),"04-57.mp3, 04-58.mp3"
amazing,(an amazing success),驚くべき,(驚くべき成功),"04-59.mp3, 04-60.mp3"
assure,(assure Tex that he will be promoted),保証する,(テックスに彼が昇進することを保証する),"04-61.mp3, 04-62.mp3"
cooperation,(Thank you for your cooperation.),協力,(ご協力ありがとうございます。),"04-63.mp3, 04-64.mp3"
popularity,(a rise in popularity),人気,(人気の上昇),"04-65.mp3, 04-66.mp3"
permit,(a construction permit),許可証,(建設許可証),"04-67.mp3, 04-68.mp3"
solve,(solve a problem),解決する,(問題を解決する),"04-69.mp3, 04-70.mp3"
vote,(vote against a proposal),投票する,（提案に反対票を投じる）,"04-71.mp3, 04-72.mp3"
crop,(locally grown crops),作物,(地元で育てられた作物),"04-73.mp3, 04-74.mp3"
neighborhood,(There are no hotels in this neighborhood. ),近所,(この近所にはホテルがない。),"04-75.mp3, 04-76.mp3"
permanent,(the permanent exhibit),常設の,(常設の展示物),"04-77.mp3, 04-78.mp3"
regret,(We regret to inform you that),残念に思う,(～をお知らせすることを残念に思います),"04-79.mp3, 04-80.mp3"
slightly,(slightly increased from 24 to 27 percent),わずかに,(24％から27％にわずかに増えた),"04-81.mp3, 04-82.mp3"
complicated,(The system is very complicated.),複雑な,(そのシステムはとても複雑だ。),"04-83.mp3, 04-84.mp3"
factor,(various factors),要因,(さまざまな要因),"04-85.mp3, 04-86.mp3"
favorable,(favorable customer reviews),好意的な,(好意的な顧客のレビュー),"04-87.mp3, 04-88.mp3"
guarantee,(guarantee same-day delivery),保証する,（同日配送を保証する）,"04-89.mp3, 04-90.mp3"
mechanical,(due to mechanical trouble),機械の,(機械のトラブルが原因で),"04-91.mp3, 04-92.mp3"
priority,(a high priority),優先順位,(高い優先順位),"04-93.mp3, 04-94.mp3"
relatively,(relatively recent trend),比較的,(比較的最近のトレンド),"04-95.mp3, 04-96.mp3"
resource,(Water is an important natural resource.),資源,(水は貴重な天然資源だ。),"04-97.mp3, 04-98.mp3"
shuttle,(free shuttle service),定期往復便,(無料の送迎サービス),"04-99.mp3, 04-100.mp3"
divide,(The catalog is divided into three sections. ),分ける,(カタログは3つのセクションに分かれています。),"04-101.mp3, 04-102.mp3"
native,(a singer native to the town),出身の,(その町出身の歌手),"04-103.mp3, 04-104.mp3"
afford,(We can't afford to do that.),～する余裕がある,(我々にはそうする余裕がありません。),"04-105.mp3, 04-106.mp3"
income,(high income),収入,(高い収入),"04-107.mp3, 04-108.mp3"
occur,(damage occurred during shipment),発生する,(配送中に損傷が発生した),"04-109.mp3, 04-110.mp3"
saving,(significant savings),値引き,(大幅な値引き),"04-111.mp3, 04-112.mp3"
findings,(research findings),わかったこと,(調査でわかったこと),"04-113.mp3, 04-114.mp3"
locate,(I was unable to locate the book.),見つける,(私はその本を見つけることができなかった。),"04-115.mp3, 04-116.mp3"
postpone,(postpone a meeting),延期する,(会議を延期する),"04-117.mp3, 04-118.mp3"
preserve,(preserve the environment),保護する,(環境を保護する),"04-119.mp3, 04-120.mp3"
prove,(prove to be difficult),わかる,(難しいとわかる),"04-121.mp3, 04-122.mp3"
exact,(I can't remember the exact date.),正確な,(正確な日付は思い出せません。),"04-123.mp3, 04-124.mp3"
gain,(gain popularity),得る,(人気を得る),"04-125.mp3, 04-126.mp3"
labor,(labor costs),労働,(人件費),"04-127.mp3, 04-128.mp3"
regard,(be widely regarded as),みなす,(～と広くみなされる),"04-129.mp3, 04-130.mp3"
closely,(work closely with local businesses),密に,(地元の会社と密に仕事をする),"04-131.mp3, 04-132.mp3"
deserve,(deserve a promotion),値する,(昇進に値する),"04-133.mp3, 04-134.mp3"
identify,(identify problems),特定する,(問題を特定する),"04-135.mp3, 04-136.mp3"
loyal,(loyal customers),忠実な,（常連の顧客）,"04-137.mp3, 04-138.mp3"
promising,(the most promising applicant),有望な,(最も有望な候補者),"04-139.mp3, 04-140.mp3"
stress,(stress the importance of reading),強調する,(読書の重要性を強調する),"04-141.mp3, 04-142.mp3"
analyze,(analyze customer feedback),分析する,(お客様の意見を分析する),"04-143.mp3, 04-144.mp3"
commission,(The report was commissioned by Tex Corporation. ),委託する,(その報告書はテックス社からの委託を受けたものだ。),"04-145.mp3, 04-146.mp3"
committed,(We are committed to providing quality service. ),熱心に取り組む,(当社は質の高いサービスを提供することに熱心に取り組んでいます。),"04-147.mp3, 04-148.mp3"
comparison,(a cost comparison),比較,(コストの比較),"04-149.mp3, 04-150.mp3"
component,(electronic components),部品,(電子部品),"04-151.mp3, 04-152.mp3"
enable,(enable staff to work from home),可能にする,(スタッフが自宅で仕事をすることを可能にする),"04-153.mp3, 04-154.mp3"
enjoyable,(an enjoyable stay at a hotel),楽しい,(ホテルでの楽しい滞在),"04-155.mp3, 04-156.mp3"
existing,(existing customers),従来の,(従来の顧客),"04-157.mp3, 04-158.mp3"
flyer,(post a flyer),チラシ,(チラシを掲示する),"04-159.mp3, 04-160.mp3"
proceed,(proceed to the boarding gate),進む,(搭乗口に進む),"04-161.mp3, 04-162.mp3"
prevent,(Tex prevented us from entering the room. ),防ぐ,(テックスは私たちが部屋に入るのを妨げた。),"04-163.mp3, 04-164.mp3"
alike,(teachers and students alike),同様に,(教師も生徒も同様に),"04-165.mp3, 04-166.mp3"
appoint,(I was appointed chairperson of the committee. ),指名する,(私は委員会の議長に指名された。),"04-167.mp3, 04-168.mp3"
connection,(a high-speed Internet connection ),接続,(高速インターネット接続),"04-169.mp3, 04-170.mp3"
eager,(I am eager to learn new things.),熱望する,(私は新しいことを学びたいと熱望しています。),"04-171.mp3, 04-172.mp3"
ease,(ease of use),容易さ,(使いやすさ),"04-173.mp3, 04-174.mp3"
fairly,(fairly common),かなり,(かなり普通の),"04-175.mp3, 04-176.mp3"
absolutely,(absolutely free of charge),完全に,(完全に無料で),"04-177.mp3, 04-178.mp3"
atmosphere,(a warm atmosphere),雰囲気,(温かい雰囲気),"04-179.mp3, 04-180.mp3"
calculate,(calculate delivery costs),計算する,(配送料を計算する),"04-181.mp3, 04-182.mp3"
contrast,(in contrast to last year ),対照的である,(昨年とは対照的に),"04-183.mp3, 04-184.mp3"
monitor,(monitor the quality of products),監視する,(製品の品質を監視する),"04-185.mp3, 04-186.mp3"
occasionally,(I occasionally travel abroad. ),時々,(私は時々海外に出張する。),"04-187.mp3, 04-188.mp3"
practical,(practical experience ),実務の,(実務の経験),"04-189.mp3, 04-190.mp3"
serious,(a serious problem),重大な,(重大な問題),"04-191.mp3, 04-192.mp3"
strength,(the strength of materials),強度,(材料の強度),"04-193.mp3, 04-194.mp3"
equally,(equally important),同じように,(同じくらい重要な),"04-195.mp3, 04-196.mp3"
import,( imports from China ),輸入品,(中国からの輸入品),"04-197.mp3, 04-198.mp3"
informal,(an informal survey),非公式の,(非公式の調査),"04-199.mp3, 04-200.mp3"
lately,(I haven't seen Tex lately.),最近,(最近テックスを見ていない。),"07-01.mp3, 07-02.mp3"
profession,(Why did you choose this profession?),専門的職業,(なぜあなたはこの職業を選んだのですか。),"07-03.mp3, 07-04.mp3"
supervisor,(permission from a supervisor),上司,(上司の許可),"07-05.mp3, 07-06.mp3"
ensure,(ensure that the products are safe),保証する,(製品が安全であることを保証する),"07-07.mp3, 07-08.mp3"
submission,(hundreds of submissions from readers),提出物,(読者からの何百もの提出物),"07-09.mp3, 07-10.mp3"
notify,(notify employees of the change),知らせる,(従業員に変更を知らせる),"07-11.mp3, 07-12.mp3"
definitely,(I definitely need the item.),絶対に,(私は絶対にその品物が必要だ。),"07-13.mp3, 07-14.mp3"
eligible,(Employees are eligible to receive paid holidays.),資格がある,(社員は有給休暇を受け取る資格がある。),"07-15.mp3, 07-16.mp3"
paperwork,(All the paperwork is ready.),書類,(すべての書類の準備ができています。),"07-17.mp3, 07-18.mp3"
complimentary,(a complimentary breakfast),無料の,(無料の朝食),"07-19.mp3, 07-20.mp3"
revise,(revise a plan),修正する,(計画を修正する),"07-21.mp3, 07-22.mp3"
track,(track an order),追跡する,(注文を追跡する),"07-23.mp3, 07-24.mp3"
administrative,(an administrative assistant),管理の,(管理アシスタント),"07-25.mp3, 07-26.mp3"
retail,(retail stores),小売り,(小売店),"07-27.mp3, 07-28.mp3"
inventory,(reduce inventory),在庫,(在庫を減らす),"07-29.mp3, 07-30.mp3"
extensive,(extensive analysis),詳細な,(詳細な分析),"07-31.mp3, 07-32.mp3"
promotional,(promotional materials),販促の,(促進物),"07-33.mp3, 07-34.mp3"
catering,(catering service),仕出し,(仕出しサービス),"07-35.mp3, 07-36.mp3"
wildlife,(a wildlife photographer),野生動物,(野生動物の写真家),"07-37.mp3, 07-38.mp3"
assign,(I have been assigned the work.),任命する,(私はその仕事を任された。),"07-39.mp3, 07-40.mp3"
imply,(What is implied about the hotel?),ほのめかす,(ホテルについて何がほのめかされていますか。),"07-41.mp3, 07-42.mp3"
banquet,(I am looking forward to the banquet.),夕食会,(私は夕食会を楽しみにしている。),"07-43.mp3, 07-44.mp3"
valid,(valid until the end of May),有効な,(5月末まで有効な),"07-45.mp3, 07-46.mp3"
affordable,(provide quality service at affordable prices),手ごろな,(質の高いサービスを手頃な価格で提供する),"07-47.mp3, 07-48.mp3"
renovate,(a newly renovated library),改装する,(新しく改装された図書館),"07-49.mp3, 07-50.mp3"
guidelines,(follow industry guidelines),指針,(業界の指針に従う),"07-51.mp3, 07-52.mp3"
certificate,(a copy of the certificate),認定証,(認定証の写し),"07-53.mp3, 07-54.mp3"
innovative,(an innovative technology),革新的な,(革新的な技術),"07-55.mp3, 07-56.mp3"
agenda,(the first item on the agenda),議題,(議題の最初の項目),"07-57.mp3, 07-58.mp3"
assembly,(assembly line workers),組立,(組立ラインの作業員),"07-59.mp3, 07-60.mp3"
install,(install a new printer),設置する,(新しいプリンターを設置する),"07-61.mp3, 07-62.mp3"
orientation,(new employee orientation),新入社員向け説明会,(新入社員向け説明会),"07-63.mp3, 07-64.mp3"
renowned,(a renowned scientist),名高い,(名高い科学者),"07-65.mp3, 07-66.mp3"
appropriate,(appropriate clothes for a job interview),適した,(面接に適した服装),"07-67.mp3, 07-68.mp3"
ingredient,(use fresh ingredients),（料理の）材料,(新鮮な材料を使う),"07-69.mp3, 07-70.mp3"
storage,(a storage facility),貯蔵,(貯蔵施設),"07-71.mp3, 07-72.mp3"
beverage,(serve food and beverages to guests),飲料,(お客様に食事と飲み物を出す),"07-73.mp3, 07-74.mp3"
prior,(prior to the meeting),前の,(ミーティングの前に),"07-75.mp3, 07-76.mp3"
merger,(the upcoming merger with Tex Corporation),合併,(テックス車との近く行われる合併),"07-77.mp3, 07-78.mp3"
inn,(a seaside inn),宿,(海辺の宿),"07-79.mp3, 07-80.mp3"
equip,(Each room is equipped with Internet access. ),備え付ける,(それぞれの部屋にはインターネットが備わっています。),"07-81.mp3, 07-82.mp3"
summary,(a brief summary),要約,(短い契約),"07-83.mp3, 07-84.mp3"
lease,(a two-year lease),賃貸借（契約）,(2年間の賃貸契約),"07-85.mp3, 07-86.mp3"
defective,(return a defective product),欠陥のある,(欠陥のある製品を返品する),"07-87.mp3, 07-88.mp3"
quarterly,(a quarterly magazine),年に四回の,(季節詩（年に4回発行される雑誌）),"07-89.mp3, 07-90.mp3"
extended,(an extended warranty),長期の,(長期の保証),"07-91.mp3, 07-92.mp3"
architect,(a famous architect),建築家,(有名な建設家),"07-93.mp3, 07-94.mp3"
grocery,(a local grocery store),食品雑貨の,(地元の食品雑貨店),"07-95.mp3, 07-96.mp3"
sculpture,(a sculpture exhibition),彫刻,(彫刻展),"07-97.mp3, 07-98.mp3"
itinerary,(send an itinerary),旅程表,(旅程表を送る),"07-99.mp3, 07-100.mp3"
directory,(the company directory),名簿,(社員名簿),"07-101.mp3, 07-102.mp3"
expire,(My driver's license expires in April.),期限が切れる,(私の運転免許証は4月に期限が切れます。),"07-103.mp3, 07-104.mp3"
vendor,(negotiate with vendors),業者,(業者と交渉する),"07-105.mp3, 07-106.mp3"
colleague,(talk with a colleague),同僚,(同僚と話をする),"07-107.mp3, 07-108.mp3"
patron,(library patrons),愛用者,(図書館の愛用者),"07-109.mp3, 07-110.mp3"
relocate,(relocate an office),移転させる,(オフィスを移転する),"07-111.mp3, 07-112.mp3"
tourism,(tourism industry),観光事業,(観光産業),"07-113.mp3, 07-114.mp3"
remodel,(My office is being remodeled.),改築する,(私のオフィスは改装中です。),"07-115.mp3, 07-116.mp3"
consumer,(consumer reports),消費者,(消費者レポート),"07-117.mp3, 07-118.mp3"
inspect,(inspect a building),検査する,(建物を検査する),"07-119.mp3, 07-120.mp3"
numerous,(I have eaten at numerous local restaurants.),数多くの,(私は、数多くの地元のレストランで食事をしたことがあります。),"07-121.mp3, 07-122.mp3"
payroll,(a new payroll system),給与管理,(新しい給与管理システム),"07-123.mp3, 07-124.mp3"
qualified,(I am qualified for the position.),適任の,(私はその職に適任だ。),"07-125.mp3, 07-126.mp3"
appliance,(kitchen appliances),電化製品,(台所用電化製品),"07-127.mp3, 07-128.mp3"
competitive,(excellent service and competitive prices),他に負けない,(優れたサービスと他に負けない価格),"07-129.mp3, 07-130.mp3"
specialize,(The company specializes in Web design.),専門とする,(その会社はウェブデザインを専門にしている。),"07-131.mp3, 07-132.mp3"
questionnaire,(fill out a questionnaire),アンケート用紙,(アンケート用紙に記入する),"07-133.mp3, 07-134.mp3"
approximately,(approximately two hours),約,(約2時間),"07-135.mp3, 07-136.mp3"
contribute,(contribute to a team),貢献する,(チームに貢献する),"07-137.mp3, 07-138.mp3"
productivity,(improve productivity),生産性,(生産性を改善する),"07-139.mp3, 07-140.mp3"
promptly,(The meeting starts promptly at 1 P.M.),（時刻）きっかりに,(会議は午後1時にちょうど始まります。),"07-141.mp3, 07-142.mp3"
strategy,(a marketing strategy),戦略,(マーケティング戦略),"07-143.mp3, 07-144.mp3"
dedicated,(experienced and dedicated staff),献身的な,(経験豊富で献身的なスタッフ),"07-145.mp3, 07-146.mp3"
exceptional,(exceptional customer service),並外れた,(並外れた顧客サービス),"07-147.mp3, 07-148.mp3"
luncheon,(hold a luncheon),昼食会,(昼食会を開く),"07-149.mp3, 07-150.mp3"
exceed,(exceed expectations),超える,(期待を超える),"07-151.mp3, 07-152.mp3"
multiple,(operate in multiple countries),複数の,(複数の国で営業する),"07-153.mp3, 07-154.mp3"
specify,(the regulations clearly specify that),明確に述べる,(規則には?とはっきり記されている),"07-155.mp3, 07-156.mp3"
venue,(a convention venue),会場,(会議の会場),"07-157.mp3, 07-158.mp3"
household,(household products),家庭用の,(家庭用製品),"07-159.mp3, 07-160.mp3"
evaluate,(evaluate a product),評価する,(製品を評価する),"07-161.mp3, 07-162.mp3"
negotiate,(negotiate with a client),交渉する,(顧客と交渉する),"07-163.mp3, 07-164.mp3"
booking,(make a booking),予約,(予約をする),"07-165.mp3, 07-166.mp3"
circulation,"(a daily circulation of 30,000)",発行部数,(1日3万の発行部数),"07-167.mp3, 07-168.mp3"
completion,(the completion of the project),完了,(プロジェクトの完了),"07-169.mp3, 07-170.mp3"
relevant,(relevant work experience),関連した,(関連した職務経験),"07-171.mp3, 07-172.mp3"
thorough,(a thorough review),徹底的な,(徹底的な検討),"07-173.mp3, 07-174.mp3"
via,(fly to Seattle via Denver),～を経由して,(デンバー経由でシアトルへ飛ぶ),"07-175.mp3, 07-176.mp3"
workplace,(relationships in the workplace),職場,(職場での人間関係),"07-177.mp3, 07-178.mp3"
accommodations,(The price includes flights and accommodations. ),宿泊施設,(料金には航空運賃と宿泊費が含まれています。),"07-179.mp3, 07-180.mp3"
flexible,(flexible work hours),柔軟な,(フレックスタイム制),"07-181.mp3, 07-182.mp3"
predict,(some experts predict that),予測する,(数名の専門家は?と予測している),"07-183.mp3, 07-184.mp3"
preference,(seat and meal preferences),希望,(座席と食事の希望),"07-185.mp3, 07-186.mp3"
substantial,(reduce costs by a substantial amount),かなりの,(かなりの額のコストを削減する),"07-187.mp3, 07-188.mp3"
accessible,(easily accessible by train),到達できる,(電車で簡単にいける),"07-189.mp3, 07-190.mp3"
coverage,(media coverage),報道,(メディアの報道),"07-191.mp3, 07-192.mp3"
generate,(generate profits),生み出す,(利益を生み出す),"07-193.mp3, 07-194.mp3"
refreshment,(Refreshments will be served.),軽い飲食物,(軽食が出ます。),"07-195.mp3, 07-196.mp3"
reliable,(a reliable secretary),頼りになる,(頼りになる秘書),"07-197.mp3, 07-198.mp3"
revenue,(advertising revenue),収入,(広告収入),"07-199.mp3, 07-200.mp3"
fund-raising,(the fund-raising dinner),資金調達のための,(資金集めの夕食会),"08-01.mp3, 08-02.mp3"
accomplished,(an accomplished designer),熟達した,(熟練したデザイナー),"08-03.mp3, 08-04.mp3"
acquire,(acquire a company),買収する,(会社を買収する),"08-05.mp3, 08-06.mp3"
accordingly,"(The weather is cold, so dress accordingly.)",それに応じて,(気候が寒冷なので、それに応じた服を着てください。),"08-07.mp3, 08-08.mp3"
critic,(positive reviews from critics),評論家,(評論家からの好意的なレビュー),"08-09.mp3, 08-10.mp3"
highlight,(highlight differences),強調する,(違いを強調する),"08-11.mp3, 08-12.mp3"
profile,(profile a businessperson),人物紹介する,(ビジネスパーソンの人物紹介をする),"08-13.mp3, 08-14.mp3"
motivate,(motivate employees),やる気にさせる,(社員をやる気にさせる),"08-15.mp3, 08-16.mp3"
subscription,(a magazine subscription),購読,(雑誌の購読),"08-17.mp3, 08-18.mp3"
encounter,(encounter a serious problem),（問題や困難に）直面する,(重大な問題に直面する),"08-19.mp3, 08-20.mp3"
luxury,(a luxury sedan),高級な,(高級セダン車),"08-21.mp3, 08-22.mp3"
prohibit,(Street parking is prohibited in this area. ),禁止する,(路上駐車はこの地域では禁止されています。),"08-23.mp3, 08-24.mp3"
resolve,(The problem was resolved. ),解決する,(問題は解決された。),"08-25.mp3, 08-26.mp3"
restore,(Telephone service was restored this morning.),復旧させる,(通話サービスは今日の午前中に復旧した。),"08-27.mp3, 08-28.mp3"
surrounding,(surrounding areas),周辺の,(周辺の地域),"08-29.mp3, 08-30.mp3"
alert,(alert Tex to the problem),（重要なことを）知らせる,(テックスに問題を知らせる),"08-31.mp3, 08-32.mp3"
anticipated,(the highly anticipated new book),待ち望まれた,(非常に期待されている新刊),"08-33.mp3, 08-34.mp3"
consistently,(consistently rank among the top 10 universities),常に,(常にトップ10の大学にランクインしている),"08-35.mp3, 08-36.mp3"
dairy,(fat-free dairy products),乳製品,(無脂肪の乳製品),"08-37.mp3, 08-38.mp3"
phase,(the first phase),段階,(第一段階),"08-39.mp3, 08-40.mp3"
manuscript,(edit a manuscript),原稿,(原稿を編集する),"08-41.mp3, 08-42.mp3"
overtime,(work a lot of overtime),残業,(長時間残業する),"08-43.mp3, 08-44.mp3"
premises,(on the premises),敷地,(敷地内で),"08-45.mp3, 08-46.mp3"
utility,(The rent includes all utilities.),公共料金,(家賃にはすべての公共料金が含まれています。),"08-47.mp3, 08-48.mp3"
laundry,(a laundry room),洗濯,(洗濯部屋),"08-49.mp3, 08-50.mp3"
enthusiastic,(I am enthusiastic about the project.),乗り気である,(私はそのプロジェクトに乗り気です。),"08-51.mp3, 08-52.mp3"
outline,(outline a policy),概要を説明する,(方針の概要を説明する),"08-53.mp3, 08-54.mp3"
packet,(a packet of materials),袋,(袋入りの資料),"08-55.mp3, 08-56.mp3"
retain,(retain a receipt),保管する,(レシートを保管する),"08-57.mp3, 08-58.mp3"
belongings,(Make sure you have all your belongings.),所持品,(所持品をお持ちかご確認ください。),"08-59.mp3, 08-60.mp3"
conservation,(energy conservation),節約,(エネルギーの節約),"08-61.mp3, 08-62.mp3"
routine,(routine maintenance work),日常的に行われる,(普段行われているメンテナンス作業),"08-63.mp3, 08-64.mp3"
urban,(live in urban areas),都市の,(都市部に住む),"08-65.mp3, 08-66.mp3"
workforce,(50 percent of the workforce),全従業員,(全従業員の50％),"08-67.mp3, 08-68.mp3"
biography,(a brief biography of the author),人物紹介,(著者の簡単な人物紹介（略歴）),"08-69.mp3, 08-70.mp3"
ownership,(The company has recently changed ownership. ),所有（権）,(その会社は最近、所有権が移転した。),"08-71.mp3, 08-72.mp3"
pastry,(a pastry chef),焼き菓子,(焼き菓子のシェフ),"08-73.mp3, 08-74.mp3"
tenant,(both building managers and tenants),入居者,(建物の管理人も入居者も),"08-75.mp3, 08-76.mp3"
workload,(reduce the workload ),仕事量,(仕事量を減らす),"08-77.mp3, 08-78.mp3"
sufficient,(sufficient time),十分な,(十分な時間),"08-79.mp3, 08-80.mp3"
characteristic,(main characteristics of the product),特徴,(その製品の主な特徴),"08-81.mp3, 08-82.mp3"
combined,(a combined effort),共同の,(共同の努力),"08-83.mp3, 08-84.mp3"
conclude,(The event will conclude with a concert.),終える,(イベントはコンサートで締めくくられる予定です。),"08-85.mp3, 08-86.mp3"
associate,(costs associated with buying a house),関連付ける,(家の購入に関連したコスト),"08-87.mp3, 08-88.mp3"
conflict,(because of a scheduling conflict),衝突,(スケジュールがかち合ったので),"08-89.mp3, 08-90.mp3"
investment,(real estate investment),投資,(不動産投資),"08-91.mp3, 08-92.mp3"
physician,(see a physician),医師,(医師に診てもらう),"08-93.mp3, 08-94.mp3"
token,(as a token of our appreciation for),印,(～への我々の感謝の印として),"08-95.mp3, 08-96.mp3"
partial,(a partial refund),部分的な,(部分返金),"08-97.mp3, 08-98.mp3"
resume,(resume operations),再開する,(操業を再開する),"08-99.mp3, 08-100.mp3"
dealership,(car dealerships),販売特約店,(車の販売特約店),"08-101.mp3, 08-102.mp3"
garment,(The garment is made of cotton.),衣料品,(その衣料品は綿製です。),"08-103.mp3, 08-104.mp3"
implement,(Security measuers were implemented.),実施する,(安全対策が実施された。),"08-105.mp3, 08-106.mp3"
paycheck,(receive a paycheck),給与,(給料を受け取る),"08-107.mp3, 08-108.mp3"
recruit,(recruit new staff),採用する,(新しいスタッフを採用する),"08-109.mp3, 08-110.mp3"
substitute,(substitute new for old ),～を代わりに用いる,(古いモノの代わりに新しいモノを使う),"08-111.mp3, 08-112.mp3"
typically,(Our tours typically take an hour.),通常,(我々のツアーは通常1時間かかります。),"08-113.mp3, 08-114.mp3"
authorize,(an authorized dealer),公認する,(公認の販売店),"08-115.mp3, 08-116.mp3"
comparable,(more expensive than comparable products),同等の,(同等の製品より値段が高い),"08-117.mp3, 08-118.mp3"
faculty,(a faculty member at Tex College),（大学の）教員,(テックス大学の教員),"08-119.mp3, 08-120.mp3"
initiative,(a growth initiative),新しい計画,(成長のための新計画),"08-121.mp3, 08-122.mp3"
postage,(Postage is calculated by weight.),郵便料金,(郵便料金は重量で計算されます。),"08-123.mp3, 08-124.mp3"
afterwards,(The author will sign books afterwards.),その後で,(その後で著者が本にサインをします。),"08-125.mp3, 08-126.mp3"
aim,(aim to cut energy use),目指す,(エネルギーの使用を減らすことを目指す),"08-127.mp3, 08-128.mp3"
generally,(The film received generally positive reviews.),おおむね,(その映画はおおむね良い評価を得た。),"08-129.mp3, 08-130.mp3"
occupied,(The room is occupied.),（部屋、座席、ベッド等が）使われている,(その部屋は使われている。),"08-131.mp3, 08-132.mp3"
solid,(a solid reputation),確かな,(確かな評判),"08-133.mp3, 08-134.mp3"
attempt,(Tex's attempt to become a singer),試み,(歌手になろうとするテックスの試み),"08-135.mp3, 08-136.mp3"
authority,(the person in authority),権限,(権限を持った人),"08-137.mp3, 08-138.mp3"
domestic,(the domestic market),国内の,(国内の市場),"08-139.mp3, 08-140.mp3"
permission,(without permission),許可,(許可なしに),"08-141.mp3, 08-142.mp3"
presence,(a strong presence in the area),存在感,(地域での強い存在感),"08-143.mp3, 08-144.mp3"
rapidly,(a rapidly growing company),急速に,(急速に成長している会社),"08-145.mp3, 08-146.mp3"
relief,(provide relief to consumers),安心感,(消費者に安心感を与える),"08-147.mp3, 08-148.mp3"
reward,(reward employees for their hard work),報いる,(従業員のがんばりに報いる),"08-149.mp3, 08-150.mp3"
translate,(translate English into Japanese),翻訳する,(英語を日本語に翻訳する),"08-151.mp3, 08-152.mp3"
circumstance,(under any circumstances),状況,(いかなる状況下でも),"08-153.mp3, 08-154.mp3"
contrary,(contrary to expectations),正反対の,(期待に反して),"08-155.mp3, 08-156.mp3"
eventually,(Mr. Kato was eventually promoted to CEO.),最終的には,(加藤さんは最終的にはCEOに昇進した。),"08-157.mp3, 08-158.mp3"
expose,(be directly exposed to the sun),さらす,(太陽に直接さらされる),"08-159.mp3, 08-160.mp3"
panel,(a panel of experts),グループ,(専門家グループ),"08-161.mp3, 08-162.mp3"
portion,(the bottom portion of the ticket),部分,(チケットの下の部分),"08-163.mp3, 08-164.mp3"
primary,(primary duties),主な,(主な任務),"08-165.mp3, 08-166.mp3"
remark,(opening remarks),（スピーチでの）言葉,(開会の言葉),"08-167.mp3, 08-168.mp3"
timely,(in a timely manner),タイミングの良い,(タイミングの良いやり方で),"08-169.mp3, 08-170.mp3"
commonly,(the most commonly used methods),一般に,(最も一般的に用いられている方法),"08-171.mp3, 08-172.mp3"
consult,(consult a doctor ),（医者、弁護士等の専門家に）相談する,(医師に相談する),"08-173.mp3, 08-174.mp3"
convert,(convert a warehouse into an office),改造する,(倉庫をオフィスに改造する),"08-175.mp3, 08-176.mp3"
obligation,(You have no obligation to do so.),義務,(あなたにはそうする義務はない),"08-177.mp3, 08-178.mp3"
resign,(resign without notice),辞任する,(予告なしに辞任する),"08-179.mp3, 08-180.mp3"
securely,(The door is securely locked.),しっかりと,(ドアにはしっかりと鍵がかかっている。),"08-181.mp3, 08-182.mp3"
strive,(strive to cut costs),懸命に努力する,(コスト削減のために懸命に努力する),"08-183.mp3, 08-184.mp3"
timeline,(a timeline of events),予定表,(イベントの予定表),"08-185.mp3, 08-186.mp3"
urge,(urge Tex to change his mind),強く促す,(テックスに考えを変えるよう強く促す),"08-187.mp3, 08-188.mp3"
acknowledge,(acknowledge receipt of the order),（受け取ったことを）知らせる,(注文を受け取ったことを知らせる),"08-189.mp3, 08-190.mp3"
diverse,(a diverse group of experts),多種多様な,(多種多様な専門家のグループ),"08-191.mp3, 08-192.mp3"
transaction,(a bank transaction),取引,(銀行取引),"08-193.mp3, 08-194.mp3"
lack,(a lack of information),不足,(情報不足),"08-195.mp3, 08-196.mp3"
essential,(Customer satisfaction is essential to us.),最も重要な,(顧客満足が当社にとって最も重要です。),"08-197.mp3, 08-198.mp3"
majority,(the majority of employees),大部分,(従業員の大部分),"08-199.mp3, 08-200.mp3"
observe,(observe a trend ),気付く,(傾向に気付く),"09-01.mp3, 09-02.mp3"
possess,(possess knowledge),（財産、所有物等として）持つ,(知識を持つ),"09-03.mp3, 09-04.mp3"
sharply,(Sales rose sharply.),急激に,(売り上げが急激に上がった。),"09-05.mp3, 09-06.mp3"
adjustment,(make adjustments to the plan),調整,(計画を調整する),"09-07.mp3, 09-08.mp3"
aisle,(I prefer an aisle seat.),通路,(通路側の席がいいです。),"09-09.mp3, 09-10.mp3"
capture,(Photographs capture memorable moments in life.),（映像や写真に）記録する,(写真は人生の思い出の瞬間を記録します。),"09-11.mp3, 09-12.mp3"
consist,(The committee consists of five members. ),～から成る,(委員会は5人のメンバーで構成されている。),"09-13.mp3, 09-14.mp3"
desirable,(Teaching experience is desirable.),望ましい,(指導経験があることが望ましい。),"09-15.mp3, 09-16.mp3"
heavily,(a heavily used bus route),非常に頻繁に,(非常に頻繁に使われるバスの路線),"09-17.mp3, 09-18.mp3"
investigate,(investigate a possibility),調査する,(可能性を調査する),"09-19.mp3, 09-20.mp3"
measurement,(take the measurements of a table),寸法,(テーブルの寸法を測る),"09-21.mp3, 09-22.mp3"
urgent,(an urgent request),緊急の,(緊急の依頼),"09-23.mp3, 09-24.mp3"
checkout,(the checkout counter),レジ,(レジカウンター),"09-25.mp3, 09-26.mp3"
dispose,(dispose of garbage),処分する,(ごみを処分する),"09-27.mp3, 09-28.mp3"
modify,(modify a contract),修正する,(契約を修正する),"09-29.mp3, 09-30.mp3"
outlet,(open an outlet in Japan),店舗,(日本で店舗をオープンする),"09-31.mp3, 09-32.mp3"
prescription,(ask for a prescription),処方せん,(処方せんを依頼する),"09-33.mp3, 09-34.mp3"
situated,"(Situated downtown, the hotel is convenient.)",位置している,(中心街に位置していて、そのホテルは便利だ。),"09-35.mp3, 09-36.mp3"
surprisingly,"(Surprisingly, Tex passed the exam. )",驚いたことに,(驚いたことにテックスは試験に合格した。),"09-37.mp3, 09-38.mp3"
transform,(transform a train station into a museum),（姿、形、性質等を）一変させる,(電車の駅を博物館に一変させる),"09-39.mp3, 09-40.mp3"
undergo,(undergo major renovations),（検査、修理等を）経験する,(大規模な改装に入る),"09-41.mp3, 09-42.mp3"
blueprint,(the blueprints for the new theater),設計図,(新しい劇場の設計図),"09-43.mp3, 09-44.mp3"
boost,(boost the company's profit),押し上げる,(会社の利益を押し上げる),"09-45.mp3, 09-46.mp3"
considerably,(considerably lower prices),かなり,(かなり安くなった価格),"09-47.mp3, 09-48.mp3"
eliminate,(eliminate a risk),取り除く,(リスクを取り除く),"09-49.mp3, 09-50.mp3"
exclusively,(available exclusively to our members),限定で,(メンバー限定で利用できる),"09-51.mp3, 09-52.mp3"
leak,(The pipe under the sink is leaking.),漏れる,(流しの下のパイプから水が漏れている。),"09-53.mp3, 09-54.mp3"
preliminary,(preliminary results from a survey),暫定の,(調査の暫定結果),"09-55.mp3, 09-56.mp3"
sophisticated,(a sophisticated design),洗練された,(洗練されたデザイン),"09-57.mp3, 09-58.mp3"
statistics,(the most recent statistics),統計,(一番最近の統計),"09-59.mp3, 09-60.mp3"
vacant,(a vacant unit in an apartment building),空の,(欠員の アパートの空室),"09-61.mp3, 09-62.mp3"
evidence,(evidence of payment),証拠,(支払いの証拠),"09-63.mp3, 09-64.mp3"
excursion,(a shopping excursion ),お出かけ,(買い物のお出かけ),"09-65.mp3, 09-66.mp3"
influence,(influence a decision),影響を与える,(結論に影響を与える),"09-67.mp3, 09-68.mp3"
ordinary,(live in an ordinary house),普通の,(普通の家に住む),"09-69.mp3, 09-70.mp3"
reject,(reject a proposal),却下する,(提案を却下する),"09-71.mp3, 09-72.mp3"
tailor,(tailor services to clients' needs),（ニーズや目的に合うように）合わせる,(顧客のニーズにサービスを合わせる),"09-73.mp3, 09-74.mp3"
assume,(assume responsibilities),引き受ける,(職務を引き受ける),"09-75.mp3, 09-76.mp3"
engagement,(a previous engagement),約束,(前からの約束（先約）),"09-77.mp3, 09-78.mp3"
fame,(achieve international fame),名声,(国際的な名声を得る),"09-79.mp3, 09-80.mp3"
modest,(a modest increase in price),少しの,(小幅の値上げ),"09-81.mp3, 09-82.mp3"
patent,(apply for a patent),特許,(特許を出願する),"09-83.mp3, 09-84.mp3"
pursue,(The company is pursuing a new market.),追い求める,(その会社は新しい市場を追い求めている。),"09-85.mp3, 09-86.mp3"
remote,(a remote mountain village),人里離れた,(人里離れた山村),"09-87.mp3, 09-88.mp3"
reveal,(reveal the cause of the problem),明らかにする,(問題の原因を明らかにする),"09-89.mp3, 09-90.mp3"
allowance,(a housing allowance),手当,(住宅手当),"09-91.mp3, 09-92.mp3"
crucial,(Innovation is crucial for business success.),非常に重要な,(技術革新は会社の成功に非常に重要だ。),"09-93.mp3, 09-94.mp3"
distinguished,(a distinguished career as a journalist),際立って優れた,（ジャーナリストとしての際立って優れた経歴),"09-95.mp3, 09-96.mp3"
disturb,(I'm sorry to disturb you.),邪魔する,(邪魔してすみません。),"09-97.mp3, 09-98.mp3"
fluent,(Applicants must be fluent in Mandarin.),堪能な,(応募者は北京語がペラペラでなければいけません。),"09-99.mp3, 09-100.mp3"
fulfill,(fulfill requirements),満たす,(必要条件を満たす),"09-101.mp3, 09-102.mp3"
objective,(the objective of the survey),目的,(アンケート調査の目的),"09-103.mp3, 09-104.mp3"
restrict,(restrict employees from accessing the Internet),制限する,(従業員がインターネットにアクセスすることを制限する),"09-105.mp3, 09-106.mp3"
steadily,(Sales have been increasing steadily.),着実に,(売上は着実に伸びている。),"09-107.mp3, 09-108.mp3"
adequate,(an adequate explanation),（要求を満たすのに）十分な,(十分な説明),"09-109.mp3, 09-110.mp3"
assessment,(the assessment of the value),評価,(価値の評価),"09-111.mp3, 09-112.mp3"
attribute,(Mr. Kato attributes his success to luck.),おかげであるとする,(加藤さんは自分が成功したのは幸運のおかげだとしている。),"09-113.mp3, 09-114.mp3"
beforehand,(prepare an agenda beforehand),あらかじめ,(前もってアジェンダを用意する),"09-115.mp3, 09-116.mp3"
challenging,(a challenging task),困難だがやりがいのある,(やりがいのある任務),"09-117.mp3, 09-118.mp3"
endeavor,(Good luck in your future endeavors. ),努力,(皆さんのこれからの努力が実ることを祈っています。),"09-119.mp3, 09-120.mp3"
inspiring,(an inspiring speech),やる気が出るような,(やる気の出るスピーチ),"09-121.mp3, 09-122.mp3"
remarkable,(make remarkable progress),驚くべき,(驚くべき進歩を遂げる),"09-123.mp3, 09-124.mp3"
measure,(take safety measures),対策,(安全対策を講じる),"09-125.mp3, 09-126.mp3"
struggle,(The company is struggling to survive. ),奮闘する,(その会社は生き残るために奮闘している。),"09-127.mp3, 09-128.mp3"
wage,(the wage level ),賃金,(賃金水準),"09-129.mp3, 09-130.mp3"
adapt,(adapt to a new work environment),適応する,(新しい職場環境に適応する),"09-131.mp3, 09-132.mp3"
ambitious,(set an ambitious goal),意欲的な,(意欲的な目標を設定する),"09-133.mp3, 09-134.mp3"
capable,(I am capable of doing the job.),能力がある,(私にはその仕事をする能力がある。),"09-135.mp3, 09-136.mp3"
consequence,(have serious consequences),結果,(深刻な結果を生む),"09-137.mp3, 09-138.mp3"
impose,(impose a fee on customers),課す,(顧客に料金を科す),"09-139.mp3, 09-140.mp3"
latter,(the former and the latter),後者,(前者と後者),"09-141.mp3, 09-142.mp3"
output,(the daily output of a factory),生産量,(工場の1日の生産量),"09-143.mp3, 09-144.mp3"
proudly,(proudly announce),誇らしげに,(誇らしげに発表する),"09-145.mp3, 09-146.mp3"
stable,(a stable supply of electricity),安定した,(電気の安定した供給),"09-147.mp3, 09-148.mp3"
transition,(the transition from school to work),移行,(学校生活から社会人生活への移行),"09-149.mp3, 09-150.mp3"
consent,(without written consent),同意,(書面での同意なしに),"09-151.mp3, 09-152.mp3"
dependable,(produce dependable cars and trucks),信頼できる,(信頼できる車とトラックを生産する),"09-153.mp3, 09-154.mp3"
diligent,(Mr. Kato is a diligent worker),勤勉な,(加藤さんは勤勉な働き手だ。),"09-155.mp3, 09-156.mp3"
illustrate,(illustrate a point),（例や図表を使って）説明する,(ポイントを説明する),"09-157.mp3, 09-158.mp3"
independently,(work independently and as a team member),単独で,(単独でもチームの一員としても働く),"09-159.mp3, 09-160.mp3"
mission,(the company's mission),使命,(会社の使命),"09-161.mp3, 09-162.mp3"
moderate,(moderate exercise),適度な,(適度な運動),"09-163.mp3, 09-164.mp3"
outlook,(the sales outlook),見通し,(売り上げ見通し),"09-165.mp3, 09-166.mp3"
precisely,(rapidly and precisely),正確に,(迅速かつ正確に),"09-167.mp3, 09-168.mp3"
concentrated,(a concentrated effort),集中的な,(集中的な努力),"09-169.mp3, 09-170.mp3"
ample,(The hotel has ample parking.),十分な,(そのホテルには十分な駐車スペースがある),"09-171.mp3, 09-172.mp3"
asset,(an asset to the team),財産,(チームにとっての財産),"09-173.mp3, 09-174.mp3"
controversial,(a controversial issue),議論を引き起こす,(議論を引き起こす問題),"09-175.mp3, 09-176.mp3"
disappointing,(disappointing sales),期待はずれの,(期待はずれの売り上げ),"09-177.mp3, 09-178.mp3"
instrumental,(Tex was instrumental in the project.),重要な役割を果たす,(テックスはそのプロジェクトで重要な役割を果たした。),"09-179.mp3, 09-180.mp3"
interruption,(without interruption),中断,(中断なしに),"09-181.mp3, 09-182.mp3"
perspective,(from a broad perspective),観点,(幅広い観点から),"09-183.mp3, 09-184.mp3"
scope,(the scope of the study),範囲,(調査の範囲),"09-185.mp3, 09-186.mp3"
speculation,(speculation from industry experts ),推測,(業界の専門家の推測),"09-187.mp3, 09-188.mp3"
supplement,(supplement income by writing books),補う,(収入を執筆で補う),"09-189.mp3, 09-190.mp3"
understaffed,(We are really understaffed.),人手不足の,(本当に人手不足です。),"09-191.mp3, 09-192.mp3"
rarely,(The CEO rarely appears in public.),めったに～しない,(そのCEOはめったに公に姿を見せない。),"09-193.mp3, 09-194.mp3"
caution,(use caution),注意,(注意を払う),"09-195.mp3, 09-196.mp3"
legislation,(legislation to limit the use of drones),法律,(ドローンの使用を制限する法律),"09-197.mp3, 09-198.mp3"
